,song_title,artist,genre,popularity
0,New Year 2021,Yournalist,,100
1,Departure into the Year 2021,MS2020,,80
2,Year 2021 - Average Town,Wizet,,80
3,A State of Trance Year Mix 2021 (intro - Learn to dance Again),Armin van Buuren,,34
4,A State of Trance Year Mix 2021 (outro - Power of the Present),Armin van Buuren,,34
5,"Turn On, Tune In, Drop Out",Doppler 2021,,34
6,2021,Star☆T,,33
7,2021,Alex Seifert,,33
8,2021,Alex Seifert,,33
9,2021,Tom Fahy,,33
10,2021,Think Again,,33
11,2021,Merrym'n,,33
12,2021,Screamer,,33
13,2021,Yassine Stein,,33
14,2021,Floral,,33
15,2021,POLTA,,33
16,2021,Cenzontle,,33
17,2021,Deepest Pussy,,33
18,2021,White Stains,,33
19,2021,PIH,,33
20,2021,Anbaric,,33
21,2021,Mikhail & The Laser Brothers,,33
22,2021,Lord Cernunnos,,33
23,2021,Sofiabot,,33
24,2021,Nico Loreto,,33
25,2021,Sappow,,33
26,2021,Comic Book,,33
27,2021,Gladyson Panther,,33
28,2021,Hamid Shojaei,,33
29,2021,Domino,,33
30,2021,Trobi,,33
31,2021,Frank Casino,,33
32,2021,Starscixn,,33
33,2021,Edo Saiya,,33
34,2021,Toxxx,,33
35,2021,The OST,,33
36,2021,Microsha 89,,33
37,2021,Antenna,,33
38,2021,LÜCY,,33
39,2021,Pipsqueak,,33
40,2021,Izaya Tiji,,33
41,2021,Kuttem Reese,,33
42,2021,Gustav Lundgren,,33
43,2021,YSR Gramz,,33
44,2021,Lauv,,33
45,2021,Suumhow,,33
46,2021,Tha Soloist,,33
47,2021,Goose,,33
48,2021,Goose,,33
49,2021,Goose,,33
50,2021,Liliane Chlela,,33
51,2021,Straightjacket Nation,,33
52,2021,A. G. Cook,,33
53,2021,Acidgvrl,,33
54,2021,ジャパニーズマゲニーズ,,33
55,20′21″,CoH,,33
56,2021,Rumahsakit,,33
57,2021,Jayestate,,33
58,2021,J4CKG,,33
59,2021,Malin Nordmark,,33
60,2021,Moth,,33
61,2021,Vampire Weekend,,33
62,2021,daniel.mp3,,33
63,2021,Saint Martyn,,33
64,Year Year Year,Jeanne Mas,,32
65,Best Of 2021 Mashup | End Year Mashup 2021 | DJ DALAL LONDON | VDJ Mahe | Latest Bollywood Song HD,VDJ Mahe,,32
66,Sealab 2021 (Sealab 2021),Dead Katz,,31
67,Order 2021 (オーダー 2021),渡邊紀如,,31
68,Scout 2021 (スカウト 2021),渡邊紀如,,31
69,Year! Year!,ブルー・エンジェル,,31
70,Last Week,Illusion,,29
71,NWO,Illusion,,29
72,Massive,Shoorup One,,29
73,Gangsters,Parkinsonick,,29
74,Ubermensch,Shoorup One,,29
75,XX XIX,LuK,,29
76,Nine,D8,,29
77,Are You Ready,LuK,,29
78,Dirty Gum,D8,,29
79,Wall,Parkinsonick,,29
80,Jump,Sin Buzz,,29
81,Vibes,VAULINK,,29
82,Fiery Phoenix,Illusion,,29
83,No Reply,Romb,,29
84,Dr. Strange,Zed5,,29
85,Pruf,Illusion,,29
86,Mess,Unplaced,,29
87,Like Me,Illusion,,29
88,Bee Honey,Shoorup One,,29
89,Line,D8,,29
90,Out of Control,Illusion,,29
91,Street,Parkinsonick,,29
92,Nightmare Smile,Illusion,,29
93,Reptile,Shoorup One,,29
94,70's Dances,LuK,,29
95,Ssadina,Illusion,,29
96,Warrior,LuK,,29
97,Bubblegum (Parkinsonick remix),Malinoviy John,,29
98,Into Wormhole,Zed5,,29
99,Tequilla Polly'Ce,LuK,,29
100,"Furioso-Polka, Op. 260",Wiener Philharmoniker,,29
101,Fatinitza-Marsch,Wiener Philharmoniker,,29
102,"Bad'ner Mad'ln, Walzer, Op. 257 (Girls of Baden)",Wiener Philharmoniker,,29
103,"Margherita-Polka, Op. 244",Wiener Philharmoniker,,29
104,"Venetianer-Galopp, Op. 74",Wiener Philharmoniker,,29
105,"Im Krapfenwald'l, Polka française, Op. 336",Wiener Philharmoniker,,29
106,"Kaiserwalzer, Op. 437 (Emperor Waltz)",Wiener Philharmoniker,,29
107,Neujahrsgruß / New Year's Address / Allocution du Nouvel An,Wiener Philharmoniker,,29
108,"An der schönen blauen Donau, Walzer, Op. 314 (The Blue Danube)",Wiener Philharmoniker,,29
109,Radetzky Marsch op. 228e),Wiener Philharmoniker,,29
110,"Schallwellen, Walzer, Op. 148 (Sound Waves)",Wiener Philharmoniker,,29
111,"Niko-Polka, Op. 228",Wiener Philharmoniker,,29
112,"Ohne Sorgen, Polka schnell, Op. 271 (Without a Care)",Wiener Philharmoniker,,29
113,In Saus und Braus (Living It Up; Galopp on Motives from the Operetta Der Probekuss),Wiener Philharmoniker,,29
114,Dichter und Bauer: Ouvertüre (Poet and Peasant: Overture),Wiener Philharmoniker,,29
115,"Frühlingsstimmen, Walzer, Op. 410 (Voices of Spring)",Wiener Philharmoniker,,29
116,"Neue Melodien-Quadrille, Op. 254 (New Melodies)",Wiener Philharmoniker,,29
117,"Stürmisch in Lieb' und Tanz, Polka schnell, Op. 393 (Tempestuous in Love and Dance)",Wiener Philharmoniker,,29
118,Grubenlichter-Walzer (Davy Lamps; on Motives from the Operetta Der Obersteiger),Wiener Philharmoniker,,29
119,Nur zesamme sin mer Fastelovend,Kölner Kinderdreigestirn 2021,,29
120,Main Theme 2021 (メインテーマ 2021),渡邊紀如,,29
121,Mr.애매모호 2021 (Mr. Ambiguous 2021),MAMAMOO,,29
122,Alive 2021,vylter,,28
123,Birth (2021),Xibling,,28
124,Offensive 2021,H.I.Z,,28
125,Devastate (2021),Paresis,,28
126,Vag. 2021,Alter Der Ruine,,28
127,Deckard -2021-,UFO!,,28
128,Deckard -2021-,UFO!,,28
129,Judgement 2021,Blind Myself,,28
130,2021 (Saga),Tom Fahy,,28
131,Prawo 2021,Te-Tris,,28
132,A.D. 2021,吉川洋一郎,,28
133,Tokyo 2021,鷺巣詩郎,,28
134,Sealab 2021,Caffiends,,28
135,2021 (Interlude),G. Yamazawa,,28
136,ЕЛДАК 2021,Джарахов,,28
137,2021 (2021ver.),Star☆T,,28
138,チェリーブラッサム (2021),松田聖子,,28
139,Calabria 2021,HØST,,28
140,Rave 2021,D. Carbone,,28
141,Larva (2021),K.F.R,,28
142,Humility (2021),Cultustepean,,28
143,Hush (2021),One Track Mind,,28
144,enyakore 2021,･ﾟ✧(=✪ ᆺ ✪=)-･ﾟ✧,,28
145,Endlos (2021),Heimatærde,,28
146,Moerder (2021),Heimatærde,,28
147,Wiedergaenger (2021),Heimatærde,,28
148,TSUKARE 2021,とくひろといりゅう,,28
149,Tokyo 2021,坂本龍一,,28
150,2021 Trailer,cactusbear,,28
151,Tyrone 2021,Ty Dolla $ign,,28
152,Willy 2021,Konstantin Wecker,,28
153,プラネタリウム 2021,CROW'SCLAW,,28
154,Poltergeist 2021,IRON ATTACK!,,28
155,Mars 2021,Obsidian Relic,,28
156,S3M4 2021,Daniel Bautista,,28
157,Skatec 2021,Daniel Bautista,,28
158,スプートニク (2021),the peggies,,28
159,Alice (2021),The Necromancers Union,,28
160,Balcony 2021,Harald Grosskopf,,28
161,Orion (2021),踊ってばかりの国,,28
162,Overheat 2021,totsumal,,28
163,Esclave 2021,Rockin’ Squat,,28
164,2021 Disco,DJ Harrison,,28
165,2021 Acapella,PIH,,28
166,2021 Instrumental,PIH,,28
167,Zero (2021),Aquilla,,28
168,Paradise 2021,Noise Resistance,,28
169,Rhino 2021,K.E.N.Y.U.,,28
170,Fallout 2021,Stellar Dynamics,,28
171,Pisspot 2021,Texas Ed,,28
172,Ramune 2021,Fckng Wey,,28
173,Tuulu 2021,Ario,,28
174,Zodiac 2021,Kareem,,28
175,Tical 2021,ToteKing,,28
176,Résilience 2021,Maudits,,28
177,Winter 2021,Nemophilic,,28
178,Cruiser 2021,Bob Nanna,,28
179,2021 (Original),Vec,,28
180,2021 (Instrumental),Vec,,28
181,Thermite 2021,NG Rezonance,,28
182,Thermite 2021,NG Rezonance,,28
183,2021 Greedo,Brown Sam,,28
184,2021 shit,Pitolomusic,,28
185,Ironface (2021),Dead Animal Assembly Plant,,28
186,SB 2021,Lil Yachty,,28
187,Autumn 2021,Elio Varesse,,28
188,Антигейша 2021,ВИА Гра,,28
189,2021 Freestyle,Cashy Cash,,28
190,Hitmix 2021,Amigos,,28
191,Fleshdance 2021,Mr BC,,28
192,Dipset 2021,King Keil,,28
193,2021 Episode,Mike Knox,,28
194,Cirkus (2021),Jelena Rozga,,28
195,Πολιτισμός 2021,Κάποιος Λείπει,,28
196,Footsteps 2021,Papoose,,28
197,Ebonics 2021,Papoose,,28
198,Solarstriker 2021,Surya Kris Peters,,28
199,2021 Originators,Rello Dreamer,,28
200,Millionär 2021,Die Prinzen,,28
201,Acid 2021,CDR,,28
202,EFS 2021,Nick Haeffner,,28
203,MILKMAN 2021,NUT!!!,,28
204,Tornado 2021,Steven F. Allen,,28
205,Aurora 2021,Rie a.k.a. Suzaku,,28
206,光 -2021-,MIZUTANI REI,,28
207,Ride 2021,King Moneyy,,28
208,MPC 2021,DJ Mehdi,,28
209,Side 2021,First Class Collective,,28
210,2021 (Memories),DKZ,,28
211,2021 Interview,Kim Wilde,,28
212,2021 Interlude,Richie Goods,,28
213,Gameshark 2021,Koncept Jack$on,,28
214,St.Valentine 2021,コロプラ,,28
215,Skóra [2021],MMMΔ,,28
216,Vildblomma [2021],MMMΔ,,28
217,Overture 2021,リリシック学園,,28
218,Hitmix 2021,Daniela Alfinito,,28
219,Takeover 2021,Talib Kweli,,28
220,Hitmix 2021,Amigos,,28
221,Disco 2021,Sun Ra,,28
222,Abandoned 2021,Adventum,,28
223,Cyberpunk 2021,Gamma Rats,,28
224,Schatten 2021,Plastic Angel,,28
225,Krew 2021,Fisz Emade Tworzywo,,28
226,Février 2021,Trotski Nautique,,28
227,Rupture (2021),Odd Chap,,28
228,Helsinki 2021,Waltari,,28
229,Mambo 2021,Spanish Harlem Orchestra,,28
230,Geräusche 2021,Lemur,,28
231,Polizeistaat 2021,Eo Ipso,,28
232,Step 2021,Yazzus,,28
233,Shchedryk 2021,Skyshard,,28
234,580 (2021),Windowshopping,,28
235,Hanazawa3 (2021),Windowshopping,,28
236,JPWRK (2021),Windowshopping,,28
237,Millionär 2021,Die Prinzen,,28
238,2021 Tune,Garlicozzy,,28
239,Tyrone 2021,Ty Dolla $ign,,28
240,Tyrone 2021,Ty Dolla $ign,,28
241,Atlantis 2021,Dr. Rude,,28
242,ISOLATED 2021,GAMOR VAPOR,,28
243,Dream 2021,Lil Squeaky,,28
244,ゴートゥーフェス☆ 2021,FES☆TIVE,,28
245,マジカルパレード 2021,FES☆TIVE,,28
246,シダレヤナギ 2021,FES☆TIVE,,28
247,Orgalorg 2021,Infekt,,28
248,TIME (2021),Kastrierte Philosophen,,28
249,JAHRE (2021),Kastrierte Philosophen,,28
250,ユラリソラ (2021),透色ドロップ,,28
251,キュンと。 (2021),透色ドロップ,,28
252,やさしさのバトン (2021),透色ドロップ,,28
253,アンサー (2021),透色ドロップ,,28
254,ネバーランドじゃない (2021),透色ドロップ,,28
255,ぐるぐるカタツムリ (2021),透色ドロップ,,28
256,Autumn 2021,Free the Robots,,28
257,Ringinglow (2021),Georgia Rodgers,,28
258,2021 Obituary,Papoose,,28
259,QX 2021,Brendan Eder Ensemble,,28
260,ผู้สาวขาเลาะ 2021,4 SAW SUPER SAP,,28
261,Dreams 2021,Paul Sawyer,,28
262,Dreams 2021,MaRLo,,28
263,Dreams 2021,Christopher J. Dolan,,28
264,Dreams 2021,The Journey,,28
265,PRODUCER 2021,ThorHighHeels,,28
266,KINGDOM 2021,SEGA,,28
267,S.T.F. 2021,近谷直之,,28
268,MUTATOR 2021,谷口樹里杏,,28
269,Dawsin 2021,Dawsin,,28
270,'Petrol' (2021),Justin.FM,,28
271,"2021 ""Lucy""",Bluecoats,,28
272,モノクロセンス 2021,r-906,,28
273,haraRe: 2021,r-906,,28
274,メカクシアニン 2021,r-906,,28
275,パノプティコン 2021,r-906,,28
276,-ize 2021,r-906,,28
277,Möbius 2021,r-906,,28
278,STAY [2021],MelodyBrony,,28
279,MOONLIGHT [2021],MelodyBrony,,28
280,Voices (2021),Techmaster P.E.B.,,28
281,Sunrise (2021),Mike Adams at His Honest Weight,,28
282,Erfolg 2021,Kiko76,,28
283,Trip 2021,Mater Suspiria Vision,,28
284,stairs (2021),$WAGGOT,,28
285,STORM 2021,JAM Project,,28
286,DRAGON 2021,JAM Project,,28
287,DNS 2021,Bärchen und die Milchbubis,,28
288,FeuerMaschin 2021,Ronnie Urini,,28
289,Janeiro 2021,Rodrigo Leão,,28
290,Cathedral 2021,Hommarju,,28
291,2021 Vibes,LUCKI,,28
292,2021 vibes,LUCKI,,28
293,Playlist 2021,東京に静寂を,,28
294,Butterfly 2021,Ekoh,,28
295,"Tokyo, 2021",Japanese Baseball,,28
296,はじめてのかくめい!2021,DIALOGUE+,,28
297,Midnight [2021],Adar Nasiykh,,28
298,Anniversary 2021,Call of Duty: Mobile,,28
299,MECHAFEST 2021,Another You,,28
300,Mareld 2021,Ìxtahuele,,28
301,チェリーブラッサム 2021,松田聖子,,28
302,チェリーブラッサム 2021,松田聖子,,28
303,drift (2021),Emilie Cecilia LeBel,,28
304,Ruang (2021),Rumahsakit,,28
305,Line 2021,Wixie,,28
306,Into (2021),Milieu,,28
307,スライムシーズン 2021,Atlas Cries,,28
308,Новый 2021,Низам DRedd,,28
309,Mayak 2021,KK Null,,28
310,テオ (2021),Omoi,,28
311,Easycore 2021,Hellfish,,28
312,Marionetten 2021,Paso Doble,,28
313,Halloween 2021,Hirntot Posse,,28
314,Terroristen (2021),Funker Vogt,,28
315,Always 2021,Costa,,28
316,Eisbär 2021,Lazy Lizzard Gang,,28
317,Iron 2021,Woodkid,,28
318,LCRP 2021,Koam,,28
319,Kumzaltz 2021,Zaltz Band,,28
320,phonoPhantomatics (2021),Cezary Duchnowski,,28
321,crave -2021-,オルタンシア,,28
322,Yess! 2021,Folk & Røvere,,28
323,Rehearsal 2021,Putrid Future,,28
324,Fuck 2021,Yassin,,28
325,[2021] MEGAFAUNA,doin’ fine,,28
326,Slushwave 2021,days of blue,,28
327,ファイナルボーイフレンド (2021),ハンブレッダーズ,,28
328,Proud /2021,Natalie Holmes,,28
329,Vicarious /2021,Natalie Holmes,,28
330,Erdgeist 2021,Thy Catafalque,,28
331,RØØTS 2021,Andy the Core,,28
332,Roots 2021,Andy the Core,,28
333,Denedim (2021),Tepki,,28
334,Sbohem 2021,Pokáč,,28
335,winter 2021,tommy7,,28
336,31 (2021),The Michael Character,,28
337,Christmas (2021),TCLB,,28
338,Sindi 2021,Gracenote,,28
339,Halloween 2021,Ihcilon,,28
340,Q4 2021,BAP.,,28
341,Decalcomanie 2021,MAMAMOO,,28
342,76 [2021],Alan Tomlinson,,28
343,こっちおいでshowtime!!2021,てぃんく♪,,28
344,Beerus 2021,B0UNC3,,28
345,кимоно (2021),zhanulka,,28
346,"Wann, 2021",[unknown],,28
347,Shortages 2021,Blind Equation,,28
348,Друг 2021,Труд,,28
349,Year After Year,Portia Nelson,,28
350,Year After Year,Idaho,,28
351,Year to Year,Yaeji,,28
352,Year After Year,The Bad,,28
353,Year After Year,Angu,,28
354,Year After Year,Jenica Rayne,,28
355,Year to Year,Cepia,,28
356,Year by Year,Opposite Force,,28
357,Year by Year,Later,,28
358,Year After Year,Kieran Halpin,,28
359,Year to Year,Natural Ites,,28
360,Year After Year,Without Words,,28
361,Year After Year,Wakes,,28
362,Year by Year,High Spy,,28
363,Year to Year,Stephen Sorensen,,28
364,Year After Year,Bobby Short,,28
365,Year After Year,BORDERWARS,,28
366,Year After Year,The Finklestinks,,28
367,Year After Year,Clayton Love,,28
368,Year by Year,Dlugokecki,,28
369,Year After Year,Nancy Steele,,28
370,Year After Year,NanoStorm,,28
371,Year After Year,Linda Perry,,28
372,Year to Year,Astronaut Husband,,28
373,Year After Year,Flamborough Head,,28
374,Year After Year,Flamborough Head,,28
375,Year After Year,Flamborough Head,,28
376,Year by Year,Backyard Babies,,28
377,Year After Year,Sweet Baby,,28
378,Year After Year,Johnny Mathis,,28
379,Year After Year,Johnny Mathis,,28
380,Year After Year,The Griswolds,,28
381,Year After Year,Sweet Baby,,28
382,year after year,FOR THE CVLTVRE,,28
383,Year by Year,Backyard Babies,,28
384,Year by Year,Backyard Babies,,28
385,Year After Year,Randy Crawford,,28
386,Year After Year,Janko Nilović,,28
387,year after year,haircuts for men,,28
388,Year By Year,Carl Brown,,28
389,Year,The Semibeings,,28
390,Year,The Higher Burning Fire,,28
391,Year,abrasions,,28
392,Year,your neighbour the liar,,28
393,Year,Douglas Kay,,28
394,Year,The Nailings Stolen Colors,,28
395,Year,Memento Mori,,28
396,Year,Northgate,,28
397,Year,JAMES ♥,,28
398,YEAR,Miles Sutton,,28
399,Year,Ross Jennings,,28
400,Year,Ben Kunder,,28
401,Year,M D M P,,28
402,Year,Veerus,,28
403,Year,Tim Holehouse,,28
404,year,どついたるねん,,28
405,year,Project AER,,28
406,Year,octi,,28
407,year,Gorse,,28
408,Year,Ben Beal,,28
409,Year,The Big Idea,,28
410,21 Seconds of Pentecostal New Year’s Celebrations for the End of 2021~!,Ninja McTits,,27
411,"Another Year, Another Year, Another Year.",natriums,,27
412,Rise & Fall 2021 (2021 Remastered),Dave Rodgers,,27
413,Title 2021 (タイトル画面 2021),渡邊紀如,,27
414,따끔 2021 (A little bit 2021),MAMAMOO,,27
415,행복하지마 2021 (Don’t Be Happy 2021),MAMAMOO,,27
416,Neujahrsgruß/ New Year´s Address,Wiener Philharmoniker,,26
417,"Year Waxing, Year Waning",Appendix Out,,26
418,"This Year, Next Year",Oysterband,,26
419,This Year Next Year,Another Pretty Face,,26
420,"This Year, Next Year",Oysterband,,26
421,"This Year, Next Year",T.V. Smith,,26
422,All Year Next Year,Supersci,,26
423,New New Year Year,Lou & Peter Berryman,,26
424,Year In Year Out,Milan Svoboda Quartet,,26
425,Year by Year (Single),High Spy,,26
426,"Passing year,Coming year",アッチョリケ,,26
427,All Year Every Year,Professor P,,26
428,This Year Next Year,The Honeycombs,,26
429,This Year. Next Year,The Honeycombs,,26
430,"Year In, Year Out",your best friend jippy,,26
431,Year After Year (live),Flamborough Head,,26
432,"Year Waxing, Year Waning",Alasdair Roberts,,26
433,Itch Year Each Year,Mi Mye,,26
434,"Year In, Year Out",Chang Gui Duo,,26
435,"Year In, Year Out",Bing Crosby,,26
436,"Year In, Year Out",Entombed,,26
437,Year in Year Out,Entombed,,26
438,우리끼리 2021 (Words Don’t Come Easy 2021),MAMAMOO,,25
439,음오아예 2021 (Um Oh Ah Yeh 2021),MAMAMOO,,25
440,恋愛観測 -2021真夏のエンディング ver.-,2021真夏のSingers,,25
441,恋愛観測 -2021真夏のエンディング ver.-,2021真夏のSingers,,25
442,The Space Fugue,Light Entanglement Machine 2021,,25
443,Nucleosynthesis,Light Entanglement Machine 2021,,25
444,The First Light,Light Entanglement Machine 2021,,25
445,Missing Android,Light Entanglement Machine 2021,,25
446,Machine Inteligence,Light Entanglement Machine 2021,,25
447,Entanglement,Light Entanglement Machine 2021,,25
448,Awareness,Light Entanglement Machine 2021,,25
449,WOLF TRIM PACKAGE,2021 FORD RANGER XLT,,25
450,恋愛観測 -2021真夏のエンディング ver.-,2021真夏のSingers,,25
451,Spoonman (2021 Version),Saliva,,25
452,Spyhunter (2021 Version),Saliva,,25
453,Bitterblue (Reimagined 2021),Cat Stevens,,25
454,Pain (demo 2021),Pist.On,,25
455,Light (demo 2021),Pist.On,,25
456,Loner Bug 2021,Giant Claw,,25
457,Hello Song (2021),Lingokids,,25
458,Foundations (2021 Remix),Was Rich,,25
459,Summer Heat 2021,TekMao,,25
460,Rumbadiosa (Remastered 2021),Estas Tonne,,25
461,Higher Plane (2021),Paresis,,25
462,Higher Plane 2021,Paresis,,25
463,Vengeful Thinking (2021),Paresis,,25
464,ぬいぐるみになりたい (2021 Ver.),Zsasz,,25
465,ピーターピーター (2021 Ver.),Zsasz,,25
466,Aether Shanty 2021,Abney Park,,25
467,Poland Session 2021,Tangerine Dream,,25
468,"June 27th, 2021",zmi,,25
469,"July 14th, 2021",zmi,,25
470,"March 24th, 2021",zmi,,25
471,"February 12th, 2021",zmi,,25
472,"November 13th, 2021",zmi,,25
473,"September 24th, 2021",zmi,,25
474,"February 6th, 2021",zmi,,25
475,"February 21st, 2021",zmi,,25
476,"July 17th, 2021",zmi,,25
477,"February 16th, 2021",zmi,,25
478,Santa Destroy 2021,福田淳,,25
479,奇跡 2021,さだまさし,,25
480,Музыка волн 2021,Кино,,25
481,Customization (F1 2021),Ian Livingstone,,25
482,Career (F1 2021),Ian Livingstone,,25
483,Maybe Tonite 2021,Norma Sheffield,,25
484,Multiplayer (F1 2021),Ian Livingstone,,25
485,Settings (F1 2021),Ian Livingstone,,25
486,Credits (F1 2021),Ian Livingstone,,25
487,21. Januar 2021,Die Welttraumforscher,,25
488,2021 Jump Street,Blue Vitriol,,25
489,Tokyo 2021 -alterna-,鷺巣詩郎,,25
490,Starter (sid. 20–21),Jörgen Gustafsson,,25
491,"2020, 2021, 2022...",© 2001-2063 Wikipedia Fact Council,,25
492,Eternity (2021 Remaster),Mad Tribe,,25
493,Trippers (2021 Remaster),Mad Tribe,,25
494,Threefold Law 2021,Nemesea,,25
495,Luna Caudau (2021),NecroHorizon,,25
496,Battleship (2021 Remaster),Xerox,,25
497,Teutonic Storm (2021),Traitor,,25
498,Gib mir (2021),Heimatærde,,25
499,Protonemesis (2021 version),Extermination Dismemberment,,25
500,Burn (rework 2021),Dan Mason,,25
501,Presha (2021 Remaster),Elite Force,,25
502,Sk8r (2021 Remaster),Elite Force,,25
503,Krushyn (2021 Remaster),Elite Force,,25
504,"October 10th, 2021",Malibuu,,25
505,"July 8th, 2021",Malibuu,,25
506,"November 17th, 2021",Malibuu,,25
507,"June 25th, 2021",Malibuu,,25
508,"October 9th, 2021",Malibuu,,25
509,"October 11th, 2021",Malibuu,,25
510,"October 10th, 2021",Malibuu,,25
511,"June 1st, 2021",Malibuu,,25
512,ユリイカ -Rearrange 2021-,サカナクション,,25
513,"august 5th, 2021",Lexi Jayde,,25
514,Hawaii Calls 2021,HALFBY,,25
515,Eurodance Armada 2021,Dream of Omnimaga,,25
516,Califourchon (2021 Mix),Dream of Omnimaga,,25
517,DIAMOND [2021 Remaster],Eurobeat Union,,25
518,"August 22, 2021",knd,,25
519,Surrender (2021 mix),Roger Taylor,,25
520,Belinda (2021 Remaster),Hans Vandenburg,,25
521,ZIN (2021 Refix),DJ Amane,,25
522,"April 24, 2021",knd,,25
523,Law 3 2021,Daniel Bautista,,25
524,Bolero 2021 (Ravel),Daniel Bautista,,25
525,WANTED (2021 Remaster),忌野清志郎,,25
526,ひまわりの種 (2021),踊ってばかりの国,,25
527,Painflow (2021 Rework),pocotan,,25
528,Halifax Remix 2021,Kraku,,25
529,Flower (2021 Rework),Hiroyuki ODA,,25
530,Frozen Tears (2021),Ravenous,,25
531,Esoteric (2021 Remaster),Landscape Body Machine,,25
532,Sentinel (2021 Remaster),Landscape Body Machine,,25
533,ŁAAAŁ WERSJA 2021,Tede,,25
534,Hilflos gefangen 2021,KUHLMANN,,25
535,Zeig es 2021,KUHLMANN,,25
536,Głucha noc 2021,Peja / Slums Attack,,25
537,Isolation (2021 Remaster),Landscape Body Machine,,25
538,Cydonia (2021 Remaster),Landscape Body Machine,,25
539,Momentum (2021 Remaster),Beat Bizarre,,25
540,Bang (2021 Mix),Gemi,,25
541,Ventura (2021 mix),Gemi,,25
542,Ciani (2021 mix),Gemi,,25
543,Jaffa (2021 mix),Gemi,,25
544,500mg (live 2021),John Object,,25
545,RPG (live 2021),John Object,,25
546,UV (live 2021),John Object,,25
547,2021 (Młody Remix),PIH,,25
548,/v/ Threads 2021,Britbongfag,,25
549,Bad Man 2021,SomeJerk,,25
550,Monochrome (2021 Remaster),Beat Bizarre,,25
551,Error (2021 Remaster),Beat Bizarre,,25
552,Sore (2021 Remaster),Beat Bizarre,,25
553,Hallugrabber (2021 Remaster),Beat Bizarre,,25
554,Hits 2021 (Mashup),Trinix,,25
555,Harry Piers 2021,Penguin Cafe,,25
556,Sweet Tea 2021,Neon Hiss,,25
557,Make Love 2021,Suzy Lane,,25
558,Rainbow (2021 ver.),THE MOLICE,,25
559,Unacceptable (2021 Rework),Ionkhe,,25
560,Mixtape August 2021,Lari Luke,,25
561,Dark Winter 2021,Elio Varesse,,25
562,XMAS HOLIDAY 2021,Deedsdilla,,25
563,"Сумерки (live, 2021)",Слот,,25
564,Quando (2021 Remaster),Pino Daniele,,25
565,Psicopatías del 2021,Atavismo,,25
566,Where Is 2021,The Thumpmonks,,25
567,Mind- Sam -2021),Bui Quoc Huy,,25
568,Bla- Sam (2021),Bui Quoc Huy,,25
569,Cosmology (Remastered 2021),Niko Marks,,25
570,2021 (A Kapela),Vec,,25
571,Мельница (version 2021),Омела,,25
572,Chionodoxa (version 2021),Омела,,25
573,Аура (version 2021),Омела,,25
574,Together (2021 remix),The Vapors,,25
575,ときめけ☆アフタースクール！2021,転校少女*,,25
576,Valentine Mashup 2021,VDJ Mahe,,25
577,Flight <2021 Remake>,Federico Dubbini,,25
578,Awakening <2021 Remake>,Federico Dubbini,,25
579,LUNARTANZ (2021 Ver.),Frozen Starfall,,25
580,Claydermann (2021 Remix),The Cherry Blues Project,,25
581,Danubio (2021 Remix),The Cherry Blues Project,,25
582,Anthrax (2021 Remastered),Tha Alkaholiks,,25
583,Chuuuurch (2021 Remastered),J. Wells,,25
584,Nuevo comienzo 2021,Dub Smugglers,,25
585,Birds (2021 Remix),The Cherry Blues Project,,25
586,Dance! (2021 Remix),The Cherry Blues Project,,25
587,Incertidumbre (2021 Remix),The Cherry Blues Project,,25
588,Walkin' (2021 Remix),The Cherry Blues Project,,25
589,Venecia (2021 Remix),The Cherry Blues Project,,25
590,Eleanor (2021 mix),Radianth,,25
591,Opiate Report 2021,Kid Mania,,25
592,Black Zone 2021,Patrick Q. Wright,,25
593,Today (2021 Remix),The Cherry Blues Project,,25
594,Dumaloy (2021 Remaster),SUD,,25
595,Setting Sail 2021,Gary Clark,,25
596,Sagutan (2021 Remaster),SUD,,25
597,Baliw (2021 Remaster),SUD,,25
598,Halong (2021 Remaster),SUD,,25
599,Leaving Earth 2021,Zero Cult,,25
600,Breakup Mashup 2021,VDJ Mahe,,25
601,Deciduous (2021 Remaster),Till Krüger,,25
602,Deciduous (2021 Remix),Till Krüger,,25
603,Eternal War (2021),Burning Dead,,25
604,Transit (2021 remaster),Cubanate,,25
605,Concert juillet 2021,ARTIS VOCES,,25
606,Strong Lovers 2021,REBEL REBEL,,25
607,Keep Waitin' 2021,Andy Sonar,,25
608,History (2021 Remix),The Cherry Blues Project,,25
609,Ensueño (2021 Remix),The Cherry Blues Project,,25
610,てずくりモノレール (2021 Ver.),中野カルチャーセンター,,25
611,Deciduous (2021 Version),Till Krüger,,25
612,Herd Killing 2021,The Future Sound of London,,25
613,Energie (2021 edit),Tyske Ludder,,25
614,Crack (2021 edit),Tyske Ludder,,25
615,"Engolasters, January 2021",fingerspit,,25
616,Küssen verboten 2021,Die Prinzen,,25
617,Theena Shee 2021,Tom Newman,,25
618,Küssen verboten 2021,Die Prinzen,,25
619,Hydrogen - 2021,Natalie Holmes,,25
620,Stereotypes (2021 remix),Rap is a Martial Art,,25
621,Cold (2021 mix),Simplefixty,,25
622,Full House 2021,Big Scary Orderlies,,25
623,No Time 2021,Pee.Tzu,,25
624,Good Day (2021),Brett Eldredge,,25
625,Love Mix 2021,Giraffage,,25
626,Sunzini (2021 Remastered),Prodigal Sunn,,25
627,'21. Januar 2021,Die Welttraumforscher,,25
628,Welcome (2021 Remastered),J. Wells,,25
629,Kumara (2021 edit),Lunatica,,25
630,Setting Sail 2021,Gary Clark,,25
631,The Rain 2021,Where It's ΛTT,,25
632,Celestia's Riddle 2021,Likonan,,25
633,2021 WINTER MIXTAPE,High Funds,,25
634,Stalker Girl 2021,The Arrogant Worms,,25
635,Rhodos (Version 2021),Amigos,,25
636,Sandy (Version 2021),Amigos,,25
637,Kinderaugen (Version 2021),Amigos,,25
638,Neked Adtam 2021,Baby Gabi,,25
639,Camerado (Remastered 2021),Mark Knopfler,,25
640,Cross [2021 Mix],Juho Saari,,25
641,ウイルス (2021 Remaster),忌野清志郎,,25
642,モグラマン (2021 Remaster),忌野清志郎,,25
643,Emanuela (Version 2021),Amigos,,25
644,Pretty People (2021),Lucidor,,25
645,breakin tonight 2021,Saya,,25
646,Unraveling (2021 Remix),Malformity,,25
647,Rap Up 2021,Uncle Murda,,25
648,Gratidude (Remaster 2021),Reelow,,25
649,Jamaica VS 2021,Younolovebunny,,25
650,Starlights (2021 VIP),Plastic Fruits,,25
651,Red Silhouettes 2021,GhostHost,,25
652,Black Holes 2021,Epic Mountain,,25
653,Loswerden (Neuaufnahme 2021),Manu,,25
654,Dragon (2021 redux),John Rolodex,,25
655,Memories [2021 Remix],David Guetta,,25
656,赤ペンおねがいします -2021-,おた,,25
657,Time Scan 2021,swing slow,,25
658,1542 (2021 Remaster),Mary Timony,,25
659,Raidstorm (2021 Remaster),Hagisoph,,25
660,HOLLAND ELEMENT 2021,平沢進,,25
661,Erotikmutanten (2021 edit),Tyske Ludder,,25
662,Łamane Kradoj [2021],MMMΔ,,25
663,Letzten Tränen [2021],MMMΔ,,25
664,Luminus Vuori [2021],MMMΔ,,25
665,Tomorrow (2021 Remaster),Gorky Park,,25
666,Liar (2021 Remaster),Gorky Park,,25
667,Wannabe (2021 Remaster),Gorky Park,,25
668,Bang (2021 Remaster),Gorky Park,,25
669,Stranger (2021 Remaster),Gorky Park,,25
670,Ocean (2021 Remaster),Gorky Park,,25
671,Stare (2021 Remaster),Gorky Park,,25
672,Bluetiful (2021 Remaster),紡音れい,,25
673,Hunting (Version 2021),Deep Forest,,25
674,Moonlight Shadow (2021),Maggie Reilly,,25
675,Medicated Truth (2021),Project Overdose,,25
676,ウンディーネ 〜2021 edizione〜,牧野由依,,25
677,SUMMER DAZE 2021,RADWIMPS,,25
678,Topi (Remastered 2021),Daniele Patucchi,,25
679,Dusty Trail (2021),The Wasteland Wailers,,25
680,Fast ASMR (2021),KeepSleep,,25
681,Atma (2021 mix),YOB,,25
682,Funkenstein (2021 Remaster),Xerox & Illumination,,25
683,Battleship (2021 Remaster),Xerox & Illumination,,25
684,Turbulence (2021 Remaster),Xerox & Illumination,,25
685,Paranoia (2021 Remaster),Xerox & Illumination,,25
686,Shame (2021 Remix),Stabbing Westward,,25
687,believe (demo) 2021,Lil Darkie,,25
688,MONKEY MALL 2021,Dead Line,,25
689,2021 10 06,Rico Friebe,,25
690,Talons' in 2021,Talons',,25
691,길 [2021 Remaster],임재범,,25
692,비상 [2021 Remaster],임재범,,25
693,Grand Emotion 2021,Electron,,25
694,Misty Man 2021,Waltari,,25
695,Lights On 2021,Waltari,,25
696,So Fine 2021,Waltari,,25
697,Disposal (2021 remix),Cryptic Hatred,,25
698,Geräusche 2021 (Instrumental),Lemur,,25
699,ID1 (Gravity 2021),No Mana,,25
700,ID3 (Gravity 2021),No Mana,,25
701,ID2 (Gravity 2021),No Mana,,25
702,Itsasoa (Remastered 2021),Kerobia,,25
703,America (Remastered 2021),Kerobia,,25
704,Birak (Remastered 2021),Kerobia,,25
705,El Futuro 2021,Quickdrop,,25
706,Looking Up (2021),Birds Flying Backwards,,25
707,History Maker 2021,DEAN FUJIOKA,,25
708,Headlines (2021 Remaster),Alphaville,,25
709,Satori LSD 2021,Acid Mothers Temple & The Melting Paraiso U.F.O.,,25
710,絕 (2021 Remaster),Ice,,25
711,ナチュメロらんでぶー (2021 ver.),私立恵比寿中学,,25
712,ラブリースマイリーベイビー (2021 ver.),私立恵比寿中学,,25
713,Éléonore (remastered 2021),Anne Sylvestre,,25
714,Duno (2021 Mix),Cheesy HFJ,,25
715,MFH (2021 Remaster),Rolling Contact,,25
716,rom com 2021,Soccer Mommy,,25
717,From Beyond 2021,Massacre,,25
718,untitled may 2021,iiboharz,,25
719,フェニックス [2021 Version],山下達郎,,25
720,Rêver (Remastered 2021),Michèle Arnaud,,25
721,Gianni's Sample (2021),Windowshopping,,25
722,覚 (2021 Remaster),82回目の終身刑,,25
723,Vauhti kiihtyy 2021,Matti ja Teppo,,25
724,Below Zero 2021,Waltari,,25
725,The Stage 2021,Waltari,,25
726,Boldog leszek 2021,ByeAlex és a Slepp,,25
727,2021 Toyota Corolla,2003 Toyota Corolla,,25
728,ダイヤモンド (2021 Ver.),ベリーグッドマン,,25
729,ゴートゥーフェス☆ 2021 (Instrumental),FES☆TIVE,,25
730,シダレヤナギ 2021 (Instrumental),FES☆TIVE,,25
731,マジカルパレード 2021 (Instrumental),FES☆TIVE,,25
732,You (2021 Edit),Approaching Nirvana,,25
733,bliss3three 2021 bangerfest,bliss3three,,25
734,はじめてのかくめい!2021 (Instrumental),DIALOGUE+,,25
735,Lightforce (2021 edit),Dr Future,,25
736,テオ (2021) [Instrumental],Omoi,,25
737,1St Saturn 2021,Jonas Friedlich,,25
738,15th October 2021,Fred again..,,25
739,February 2nd 2021,Fred again..,,25
740,Tonight (2021 Remastered),Kurupt,,25
741,THESE DAYS 2.0.2.1.,HEALTH,,25
742,Harry Piers 2021,Penguin Cafe,,25
743,Dec 03 2021,elliebell,,25
744,Autophagia (Demo 2021),Zombie Riot,,25
745,Touch Me 2021,DiMO (BG),,25
746,Jukehouse Latta 2021,Opal,,25
747,Family Wedding 2021,MJ Hibbett & The Validators,,25
748,Police Story 2021,Oxygen Tank,,25
749,Fredags kveld (2021),Vidar Vang,,25
750,Exegi Monvmentvm 2021,The Rome Pro(G)ject,,25
751,Jingle (2021 Redux),DJ Noriken,,25
752,Oogato (2021 VIP),Digitist,,25
753,Dead Presidents 2021,Papoose,,25
754,Nitro(2021 REFIX),Alstroemeria Records,,25
755,Sheer (2021 version),Stars Crusaders,,25
756,420 SET 2021,Nanoray,,25
757,St. Agnes 2021,Kemper Norton,,25
758,St Agnes 2021,Kemper Norton,,25
759,Pirate Radio 2021,Ohm-N-I,,25
760,Loreley (2021 Remaster),Callejon,,25
761,Intro (2021 Remaster),Callejon,,25
762,Haters (Remix 2021),Hasswut,,25
763,Intro (Live 2021),The Hatters,,25
764,Танго (Live 2021),The Hatters,,25
765,Ода (Live 2021),The Hatters,,25
766,Танцы (Live 2021),The Hatters,,25
767,Зима (Live 2021),The Hatters,,25
768,Sealab 2021 Theme,Calamine,,25
769,Quince (Remastered 2021),The Count Basie Orchestra,,25
770,Move (Remastered 2021),Count Basie,,25
771,SUPER SPIN 2021,近谷直之,,25
772,VOLCANIC CRATER 2021,SEGA,,25
773,DINNER STAGE 2021,SEGA,,25
774,SMB LEAGUE 2021,近谷直之,,25
775,FUNKY TECHNO 2021,近谷直之,,25
776,DEEP SEA 2021,SEGA,,25
777,CASTLE STAGE 2021,近谷直之,,25
778,SMALL WAR 2021,近谷直之,,25
779,JUNGLE STAGE 2021,SEGA,,25
780,BEGINNER BOAT 2021,近谷直之,,25
781,COLONY TOUR 2021,近谷直之,,25
782,UNDERWATER STAGE 2021,近谷直之,,25
783,FAT BOY 2021,SEGA,,25
784,GLACIER TOUR 2021,谷口樹里杏,,25
785,DESERT TOUR 2021,SEGA,,25
786,Understatement (2021 Demo),UNDERSTATEMENT,,25
787,'[BOSS] x150' (2021),Justin.FM,,25
788,מתחילה מהתחלה 2021,מנגו,,25
789,Detroit City 2021,Alice Cooper,,25
790,Alone (2021 Remaster),Cueisdi,,25
791,Waking (2021 Remaster),Cueisdi,,25
792,Memories (2021 Remaster),Cueisdi,,25
793,Trips (2021 Remaster),Cueisdi,,25
794,Regret (2021 Remaster),Cueisdi,,25
795,Life (2021 Remaster),Cueisdi,,25
796,Sadness (2021 Remaster),Cueisdi,,25
797,Friends (2021 Remaster),Cueisdi,,25
798,Regret (2021 Remaster),Cueisdi,,25
799,Echoes (2021 Remaster),Cueisdi,,25
800,Lonely (2021 Remaster),Cueisdi,,25
801,Hope (2021 Remaster),Cueisdi,,25
802,Lonely (2021 Remaster),Cueisdi,,25
803,Round (2021 Remaster),Cueisdi,,25
804,Life (2021 Remaster),Cueisdi,,25
805,Sadness (2021 Remaster),Cueisdi,,25
806,Echoes (2021 Remaster),Cueisdi,,25
807,Memories (2021 Remaster),Cueisdi,,25
808,High (2021 Remaster),Cueisdi,,25
809,Hope (2021 Remaster),Cueisdi,,25
810,Lost (2021 Remaster),Cueisdi,,25
811,Friends (2021 Remaster),Cueisdi,,25
812,Elgur (2021 version),Stafrænn Hákon,,25
813,Hello (BPM) 2021,かめりあ,,25
814,"December 12, 2021",Rotifer,,25
815,JUMP!! (2021 remaster),BOOGEY VOXX,,25
816,y’all (2021 remaster),BOOGEY VOXX,,25
817,Aug 2021 Mix,nzworkdown,,25
818,Rachel's Life (2021),Chronos,,25
819,Deckard's Love (2021),Chronos,,25
820,Woodwoody (remix 2021),Zeridium,,25
821,Touch (2021 epilogue),Daft Punk,,25
822,자기중심적 (EGO) (2021),기욱,,25
823,버튼 (2021 Remastered),Rainbow note,,25
824,아침 (2021 Remastered),Rainbow note,,25
825,Dilemma (2021 Remastered),Rainbow note,,25
826,Weekend (2021 Remaster),ØFFSHORE,,25
827,Homepage (2021 Remaster),ØFFSHORE,,25
828,Snow Dream 2021,YERI,,25
829,"December 3rd, 2021",The Others Like Us,,25
830,Computer Love (2021),Techmaster P.E.B.,,25
831,006 Returns (2021),Techmaster P.E.B.,,25
832,Greensleeves (2021 Remaster),Áine Minogue,,25
833,Caguamón loco (2021),Los Rucos de La Terraza,,25
834,Excitebike [2021 Remix],XOC,,25
835,Peanut butter 2021,peanut butters,,25
836,Ghost Castle (2021),Louie Zong,,25
837,SLUSHWAVE 2021 MIX,from tokyo to honolulu,,25
838,Bitterblue² (Reimagined 2021),Cat Stevens,,25
839,Summer 2021 Pack,kohl,,25
840,Bad Weather (2021),Mike Adams at His Honest Weight,,25
841,Breakdown (2021 Version),Tantric,,25
842,220 (Rework 2021),GSPD,,25
843,Маньяк (Rework 2021),GSPD,,25
844,Ультразвук (Rework 2021),GSPD,,25
845,RAVEIN (Rework 2021),GSPD,,25
846,Jupiter (2021 rebuild),Kaotic Chemistry,,25
847,2008 in 2021,lhk,,25
848,Falling Down 2021,Digital Factor,,25
849,Misty (2021 Version),OKAMOTO’S,,25
850,2021 Update Single,The Vegetarian,,25
851,Solace (2021 Remaster),jacket.,,25
852,Can’t Sleep 2021,Trance Classics,,25
853,Shooting Star 2021,Bang!,,25
854,"Arcade Exterior, 2021",Andy Guthrie,,25
855,"Winchester House, 2021",Andy Guthrie,,25
856,"Arcade Interior, 2021",Andy Guthrie,,25
857,messiah (Rerecorded 2021),横内健祐,,25
858,aka Manah 2021,Alexander Nakarada,,25
859,EM SONG 2021,Tream,,25
860,Low (2021 Remaster),One Eye Closed,,25
861,Niija (2021 Remaster),Beggar & Co,,25
862,Volverá - 2021,Dani Martín,,25
863,Physical (Remastered 2021),Olivia Newton‐John,,25
864,Physical (Remastered 2021),Olivia Newton‐John,,25
865,Physical (Remastered 2021),Olivia Newton‐John,,25
866,Recovery (Remastered 2021),Olivia Newton‐John,,25
867,Landslide (Remastered 2021),Olivia Newton‐John,,25
868,Landslide (Remastered 2021),Olivia Newton‐John,,25
869,Landslide (Remastered 2021),Olivia Newton‐John,,25
870,Falling (Remastered 2021),Olivia Newton‐John,,25
871,Somnambulistic Nightmares 2021,Striborg,,25
872,Pirate – 2021,Kasalla,,25
873,やだ。 (2021 ver.),たかやん,,25
874,おしぴがしゅき (2021 ver.),たかやん,,25
875,2021 (umru remix),A. G. Cook,,25
876,New Rock 2021,Tiu Don,,25
877,Sterbehilfe (Euthanasia 2021),Suicide Commando,,25
878,Ganja Smuggling 2021,Eek‐A‐Mouse,,25
879,Frohes Fest 2021,Torsten Sträter,,25
880,Back Up 2021,clipping.,,25
881,From beyond 2021,Massacre,,25
882,No Solidarnose 2021,Paranoid Visions,,25
883,Sugarfree (2021 version),Sugarplum Fairies,,25
884,Vénus (live 2021),Dumas,,25
885,Linoléum (live 2021),Dumas,,25
886,J’erre (live 2021),Dumas,,25
887,Hélium (live 2021),Dumas,,25
888,Arizona (live 2021),Dumas,,25
889,Celestial (2021 mix),Ovnimoon,,25
890,이리와 (2021 version),PinkFantasy,,25
891,Fantasy (2021 version),PinkFantasy,,25
892,Planete Mars 2021,Soprano,,25
893,우리 하나되어 2021,도영,,25
894,Venom (2021 mix),Simon Says,,25
895,Tokyo 2021 Variantic,石橋英子,,25
896,2021 Needs It,La Neve,,25
897,Perfect Lovesong 2021,The Divine Comedy,,25
898,PRAGMATISM (2021 ReMaster),Laur,,25
899,Crying (2021 Remaster),Whitesnake,,25
900,PRAGMATISM (2021 ReMaster),Laur,,25
901,Crying (2021 Remaster),Whitesnake,,25
902,Crying (2021 Remix),Whitesnake,,25
903,[untitled] (2021 edit),Леонід Белєй,,25
904,[untitled] (2021 edit),Леонід Белєй,,25
905,2021.REWORK.CANTTHINK.,slone.xm,,25
906,Comic Bakery (2021),SoundLogic,,25
907,Chicken (2021 mix),Senseless Things,,25
908,Sweet Harmony 2021,Prospect,,25
909,Coven - 2021,Riot Games Music Team,,25
910,Dragonmancer - 2021,Riot Games Music Team,,25
911,PROJECT - 2021,Riot Games Music Team,,25
912,君とインフィニティ -2021-,オルタンシア,,25
913,Dear マイフレンド -2021-,オルタンシア,,25
914,Purple Rays -2021-,オルタンシア,,25
915,＊Heart Confusion＊ -2021-,オルタンシア,,25
916,YUKARI TELEPATH 2021,COALTAR OF THE DEEPERS,,25
917,Wishes (2021 edit),Blinky Blinky Computerband,,25
918,Sealab 2021 Theme,Calamine,,25
919,TREASURE グルメツアー★2021,TREASURE,,25
920,MAY(2021 version),斉藤由貴,,25
921,「さよなら」(2021 version),斉藤由貴,,25
922,Make Love 2021,Annerley Gordon,,25
923,Fuck 2021 (instrumental),Yassin,,25
924,[2021] KITTYCAT :3c,doin’ fine,,25
925,スキま (2021 version),放課後プリンセス,,25
926,バカだね (2021 version),放課後プリンセス,,25
927,Sweet Surrender 2021,Mirko Hirsch,,25
928,DUMB KICKS (2021),Engine Failure,,25
929,Door (remastered 2021),Van der Graaf Generator,,25
930,#official 2021 archive,g0bln,,25
931,OiSa (2021 Ver.),ばってん少女隊,,25
932,DNA (demo 2021),The Saint Paul,,25
933,Rain (rework 2021),2Qimic,,25
934,Memories (2021 remix),David Guetta,,25
935,Sorte (Remasterizada 2021),Papas da Língua,,25
936,Viajar (Remasterizada 2021),Papas da Língua,,25
937,Bella Ciao 2021,Kenobit,,25
938,PAROLA - 2021,Donato Dozzy,,25
939,"16th June, 2021",Christian Le Surf,,25
940,はるまついぶき (2021 Remastering),Bank Band,,25
941,カルアミルク (2021 Remastering),Bank Band,,25
942,糸 (2021 Remastering),Bank Band,,25
943,ユリイカ -Rearrange 2021-,サカナクション,,25
944,Drumzilla (live 2021),King Crimson,,25
945,Red (live 2021),King Crimson,,25
946,Starless (live 2021),King Crimson,,25
947,Indiscipline (live 2021),King Crimson,,25
948,Piano Man 2021,MAMAMOO,,25
949,AHH OOP 2021,MAMAMOO,,25
950,Future Funk 2021,Strawberry Station,,25
951,Gone Away (2021),The Offspring,,25
952,February 2nd 2021,Fred again..,,25
953,EXE (Remaster 2021),Pavel Petrov,,25
954,Party Mashup 2021,VDJ Mahe,,25
955,Baigėme mokyklą (2021),Marijonas Mikutavičius,,25
956,Planète Mars 2021,Soprano,,25
957,Planète Mars 2021,Soprano,,25
958,Arrow (Remastered 2021),Van der Graaf Generator,,25
959,Pilgrims (Remastered 2021),Van der Graaf Generator,,25
960,Wondering (Remastered 2021),Van der Graaf Generator,,25
961,Masks (Remastered 2021),Van der Graaf Generator,,25
962,Concrete Beach (2021),ako,,25
963,Tried (2021 mix),Assemblage 23,,25
964,Disappoint (2021 mix),Assemblage 23,,25
965,Naked (2021 mix),Assemblage 23,,25
966,Silence (2021 mix),Assemblage 23,,25
967,Awake (2021 mix),Assemblage 23,,25
968,Divide (2021 mix),Assemblage 23,,25
969,Longevity (2021 mix),Assemblage 23,,25
970,SUMMER DAZE 2021,RADWIMPS,,25
971,Burnt Violet (2021),Milieu,,25
972,Ambrox Orange (2021),Milieu,,25
973,Love Generation 2021,Bob Sinclar,,25
974,Merry Mixmas 2021,DJ Riko,,25
975,Ma Ma (2021),Amoune Talens,,25
976,Mayna Mayna (2021),Amoune Talens,,25
977,Wayli wayli (2021),Amoune Talens,,25
978,Simba (Remastered 2021),Douglas Meakin,,25
979,Severed (2021 remix),Chimaira,,25
980,"Venetianer‐Galopp, op. 74",Wiener Philharmoniker,,24
981,"Frühlingsstimmen, op. 410",Wiener Philharmoniker,,24
982,"Neue Melodien‐Quadrille, op. 254",Wiener Philharmoniker,,24
983,"Kaiserwalzer, op. 437",Wiener Philharmoniker,,24
984,"An der schönen blauen Donau, op. 314",Wiener Philharmoniker,,24
985,Fatinitza‐Marsch,Wiener Philharmoniker,,24
986,"Schallwellen, op. 148",Wiener Philharmoniker,,24
987,"Niko‐Polka, op. 228",Wiener Philharmoniker,,24
988,"Ohne Sorgen, op. 271",Wiener Philharmoniker,,24
989,Grubenlichter,Wiener Philharmoniker,,24
990,In Saus und Braus,Wiener Philharmoniker,,24
991,"Dichter und Bauer, Ouvertüre",Wiener Philharmoniker,,24
992,"Bad’ner Mad’ln, op. 257",Wiener Philharmoniker,,24
993,"Margherita‐Polka, op. 244",Wiener Philharmoniker,,24
994,"Im Krapfenwald’l, op. 336",Wiener Philharmoniker,,24
995,"Stürmisch in Lieb’und Tanz, op. 393",Wiener Philharmoniker,,24
996,"Furioso‐Polka, op. 260",Wiener Philharmoniker,,24
997,"Radetzky‐Marsch, op. 228",Wiener Philharmoniker,,24
998,Bad Year - Good Year,Jure Pukl,,24
999,Year In & Year Out,The Feelgood McLouds,,24
